{
  "project_info": {
    "project_number": "774205892118",
    "project_id": "smarthousenotification-dcf95",
    "storage_bucket": "smarthousenotification-dcf95.appspot.com"
  },
  "client": [
    {
      "client_info": {
        "mobilesdk_app_id": "1:774205892118:android:cce124e8e33484e35a7737",
        "android_client_info": {
          "package_name": "com.smartHouse.iSmartLivingPlus"
        }
      },
      "oauth_client": [
        {
          "client_id": "774205892118-on9ldm7p9cunc2tlevq8htlakiuqdhgi.apps.googleusercontent.com",
          "client_type": 3
        }
      ],
      "api_key": [
        {
          "current_key": "AIzaSyB0hH_pogpkQlbHS6I8DK1l1MASN_uPd3M"
        }
      ],
      "services": {
        "appinvite_service": {
          "other_platform_oauth_client": [
            {
              "client_id": "774205892118-on9ldm7p9cunc2tlevq8htlakiuqdhgi.apps.googleusercontent.com",
              "client_type": 3
            }
          ]
        }
      }
    }
  ],
  "configuration_version": "1"
}